epoch_train_per_image_iou,epoch_train_dataset_iou,epoch_train_per_image_sensitivity,epoch_train_dataset_sensitivity,epoch_train_per_image_specificity,epoch_train_dataset_specificity,epoch_train_per_image_f1,epoch_train_dataset_f1,epoch_avg_loss_train,model,repet,kfolditer
0.27505287528038025,0.8025630712509155,0.29160311818122864,0.9095149040222168,0.3230386972427368,0.9816586971282959,0.2852543890476227,0.8878092765808105,0.09348967671394348,deeplabv3+_256x256_pngs_preproc,3,0
0.2989513874053955,0.9404734373092651,0.3097880780696869,0.9647712707519531,0.3275793492794037,0.9921776056289673,0.3063124716281891,0.9691235423088074,0.030497197061777115,deeplabv3+_256x256_pngs_preproc,3,0
0.3012748658657074,0.949472188949585,0.3131028413772583,0.9705960154533386,0.3284696042537689,0.9933776259422302,0.3081742823123932,0.973939061164856,0.02482016198337078,deeplabv3+_256x256_pngs_preproc,3,0
0.3038600981235504,0.9533374309539795,0.3144943118095398,0.9728416204452515,0.3287848234176636,0.9937800168991089,0.3104674518108368,0.9759910106658936,0.023211769759655,deeplabv3+_256x256_pngs_preproc,3,0
0.3070913851261139,0.9603031277656555,0.317087322473526,0.9774746894836426,0.3293994665145874,0.9947295188903809,0.31313344836235046,0.9796637892723083,0.0192859023809433,deeplabv3+_256x256_pngs_preproc,3,0
0.27369678020477295,0.8050893545150757,0.2911792993545532,0.9095757603645325,0.3231140971183777,0.9815346002578735,0.28424087166786194,0.8894833326339722,0.09251617640256882,deeplabv3+_256x256_pngs_preproc,3,2
0.2975611984729767,0.9364138841629028,0.3094240725040436,0.9616976976394653,0.3275568187236786,0.9913533926010132,0.305417537689209,0.9669336676597595,0.03192480653524399,deeplabv3+_256x256_pngs_preproc,3,2
0.30056771636009216,0.9435708522796631,0.31224536895751953,0.9667754173278809,0.32832953333854675,0.9925869107246399,0.30789923667907715,0.9707872867584229,0.027795979753136635,deeplabv3+_256x256_pngs_preproc,3,2
0.30394238233566284,0.9525330066680908,0.3150627315044403,0.9724227786064148,0.3289617598056793,0.9936090707778931,0.3106873333454132,0.975566029548645,0.02296479232609272,deeplabv3+_256x256_pngs_preproc,3,2
0.30591246485710144,0.95755934715271,0.31625744700431824,0.9759459495544434,0.32927775382995605,0.9943728446960449,0.3121742010116577,0.9782217144966125,0.020440008491277695,deeplabv3+_256x256_pngs_preproc,3,2
0.276498407125473,0.8244019746780396,0.2915589511394501,0.9115512371063232,0.3233982026576996,0.9829479455947876,0.28617867827415466,0.9017232656478882,0.08765505254268646,deeplabv3+_256x256_pngs_preproc,3,4
0.29741281270980835,0.934292733669281,0.30916765332221985,0.9605005979537964,0.32746994495391846,0.9914155602455139,0.3049822449684143,0.9657833576202393,0.03315954655408859,deeplabv3+_256x256_pngs_preproc,3,4
0.2999841868877411,0.9424811601638794,0.3112904131412506,0.9664170742034912,0.32817837595939636,0.9927677512168884,0.3068958818912506,0.9702012538909912,0.028294194489717484,deeplabv3+_256x256_pngs_preproc,3,4
0.3041934669017792,0.9523780345916748,0.3146326243877411,0.9728076457977295,0.32888224720954895,0.9938457608222961,0.31067678332328796,0.975482702255249,0.023208048194646835,deeplabv3+_256x256_pngs_preproc,3,4
0.3060220181941986,0.9578303694725037,0.3163079619407654,0.9758842587471008,0.32923296093940735,0.9943035840988159,0.31218263506889343,0.9783644676208496,0.020734775811433792,deeplabv3+_256x256_pngs_preproc,3,4
0.2763482630252838,0.8221632838249207,0.2923872470855713,0.9137239456176758,0.32351696491241455,0.9829642176628113,0.2863789498806,0.9003274440765381,0.08688391000032425,deeplabv3+_256x256_pngs_preproc,3,3
0.2993371784687042,0.939745306968689,0.31038331985473633,0.9639781713485718,0.32778802514076233,0.9919207096099854,0.3068045377731323,0.968731164932251,0.030439000576734543,deeplabv3+_256x256_pngs_preproc,3,3
0.30357256531715393,0.951751708984375,0.3138563632965088,0.9718252420425415,0.32857438921928406,0.9933980703353882,0.31035229563713074,0.9751510620117188,0.024043850600719452,deeplabv3+_256x256_pngs_preproc,3,3
0.3038497567176819,0.9519786834716797,0.31474876403808594,0.9726693630218506,0.3290378451347351,0.9940468072891235,0.31032440066337585,0.9752699136734009,0.023199323564767838,deeplabv3+_256x256_pngs_preproc,3,3
0.30602940917015076,0.9549970626831055,0.3161238133907318,0.9748290777206421,0.32931196689605713,0.9945862293243408,0.31214988231658936,0.9768676161766052,0.021589435636997223,deeplabv3+_256x256_pngs_preproc,3,3
0.27626529335975647,0.8106347322463989,0.2917250096797943,0.9110152721405029,0.32323843240737915,0.9825678467750549,0.2861335575580597,0.8928930163383484,0.09066331386566162,deeplabv3+_256x256_pngs_preproc,3,1
0.2972833216190338,0.9363628625869751,0.30842483043670654,0.9616507887840271,0.32731494307518005,0.9915493726730347,0.3048363924026489,0.966905951499939,0.032238926738500595,deeplabv3+_256x256_pngs_preproc,3,1
0.2997272312641144,0.9411826133728027,0.31071457266807556,0.9653478860855103,0.3280600309371948,0.9926376342773438,0.3068195581436157,0.9695038795471191,0.028907816857099533,deeplabv3+_256x256_pngs_preproc,3,1
0.30458852648735046,0.9549773931503296,0.31459054350852966,0.9739499688148499,0.32878729701042175,0.9938787221908569,0.31107911467552185,0.976859986782074,0.021943651139736176,deeplabv3+_256x256_pngs_preproc,3,1
0.305187463760376,0.9571012258529663,0.3151974380016327,0.9756813049316406,0.32901379466056824,0.9944443702697754,0.3113749027252197,0.977979838848114,0.02084098383784294,deeplabv3+_256x256_pngs_preproc,3,1
0.2765471637248993,0.8196924924850464,0.29141125082969666,0.9140287637710571,0.3229696452617645,0.9826755523681641,0.2863030731678009,0.8987736701965332,0.08820035308599472,deeplabv3+_256x256_pngs_preproc,2,0
0.2963195741176605,0.9328330755233765,0.30830785632133484,0.960101842880249,0.3274180591106415,0.9916706681251526,0.30397483706474304,0.9649889469146729,0.03381262719631195,deeplabv3+_256x256_pngs_preproc,2,0
0.3028031587600708,0.9500701427459717,0.31345322728157043,0.9705275297164917,0.32848551869392395,0.9932146072387695,0.3097309172153473,0.9742578268051147,0.024336103349924088,deeplabv3+_256x256_pngs_preproc,2,0
0.30399322509765625,0.9532938003540039,0.3146166503429413,0.9729421138763428,0.3288772404193878,0.9938399195671082,0.31059208512306213,0.9759679436683655,0.022873731330037117,deeplabv3+_256x256_pngs_preproc,2,0
0.3066926896572113,0.9584869146347046,0.31654882431030273,0.9762793779373169,0.3292172849178314,0.994426429271698,0.3129372298717499,0.9787095785140991,0.020077455788850784,deeplabv3+_256x256_pngs_preproc,2,0
0.275445818901062,0.812515139579773,0.29100868105888367,0.9130024909973145,0.3229816257953644,0.9818720817565918,0.28545942902565,0.8942161798477173,0.0883481577038765,deeplabv3+_256x256_pngs_preproc,2,2
0.2978290319442749,0.9351633191108704,0.30799058079719543,0.9609167575836182,0.32715025544166565,0.9913144111633301,0.3054652214050293,0.9662562608718872,0.03257245942950249,deeplabv3+_256x256_pngs_preproc,2,2
0.30067959427833557,0.9446901082992554,0.3112243711948395,0.9673953056335449,0.3280857503414154,0.9926596283912659,0.30777037143707275,0.9713873863220215,0.027132675051689148,deeplabv3+_256x256_pngs_preproc,2,2
0.3040121793746948,0.9534053206443787,0.31456732749938965,0.9731655120849609,0.328832745552063,0.9937552213668823,0.31057432293891907,0.9760282039642334,0.022620337083935738,deeplabv3+_256x256_pngs_preproc,2,2
0.3054206371307373,0.9561967849731445,0.3154343068599701,0.9748998880386353,0.328998327255249,0.9941326379776001,0.311755508184433,0.9775035381317139,0.021257568150758743,deeplabv3+_256x256_pngs_preproc,2,2
0.27576541900634766,0.8124293088912964,0.29220083355903625,0.9120518565177917,0.32322052121162415,0.9819753170013428,0.28582432866096497,0.8941947221755981,0.0906258150935173,deeplabv3+_256x256_pngs_preproc,2,4
0.2985714375972748,0.9374058246612549,0.3091789782047272,0.9626984596252441,0.3274288475513458,0.9916689991950989,0.30604448914527893,0.967469334602356,0.031149521470069885,deeplabv3+_256x256_pngs_preproc,2,4
0.3027406930923462,0.9479906558990479,0.3135615587234497,0.96950364112854,0.32855382561683655,0.9930552244186401,0.3096330463886261,0.9731501340866089,0.025581881403923035,deeplabv3+_256x256_pngs_preproc,2,4
0.3046962320804596,0.9538254141807556,0.3148823082447052,0.9731258153915405,0.3288436830043793,0.9936861991882324,0.31117385625839233,0.9762498140335083,0.02251686342060566,deeplabv3+_256x256_pngs_preproc,2,4
0.30493736267089844,0.9543522000312805,0.31565770506858826,0.9738292694091797,0.3291197121143341,0.9940712451934814,0.3111998736858368,0.9765280485153198,0.022357406094670296,deeplabv3+_256x256_pngs_preproc,2,4
0.2750250995159149,0.8111433386802673,0.2912098169326782,0.9101283550262451,0.32323524355888367,0.9821679592132568,0.2850998342037201,0.8932811617851257,0.09089376032352448,deeplabv3+_256x256_pngs_preproc,2,3
0.29809561371803284,0.9392849206924438,0.3098074495792389,0.9636833667755127,0.3276030123233795,0.9918749332427979,0.30557137727737427,0.968483567237854,0.030636806041002274,deeplabv3+_256x256_pngs_preproc,2,3
0.30229106545448303,0.9496774673461914,0.3135257959365845,0.9707565903663635,0.3285612165927887,0.9933585524559021,0.30914655327796936,0.9740484952926636,0.025380952283740044,deeplabv3+_256x256_pngs_preproc,2,3
0.30447471141815186,0.9534323215484619,0.3153669536113739,0.9737279415130615,0.32909199595451355,0.994184136390686,0.31092652678489685,0.9760406017303467,0.022279972210526466,deeplabv3+_256x256_pngs_preproc,2,3
0.3065672814846039,0.9588832259178162,0.31667467951774597,0.9766031503677368,0.32933059334754944,0.9945076704025269,0.31274399161338806,0.9789178967475891,0.020043155178427696,deeplabv3+_256x256_pngs_preproc,2,3
0.2752869129180908,0.8244279623031616,0.2907348871231079,0.9119835495948792,0.3230159282684326,0.982376217842102,0.2853787839412689,0.9017574787139893,0.0882386714220047,deeplabv3+_256x256_pngs_preproc,2,1
0.2990606129169464,0.9416835308074951,0.309186726808548,0.9646434783935547,0.32722461223602295,0.9916694164276123,0.30644163489341736,0.9697772860527039,0.02976837009191513,deeplabv3+_256x256_pngs_preproc,2,1
0.30042073130607605,0.9446918964385986,0.31172171235084534,0.9672054052352905,0.32817959785461426,0.9926517009735107,0.3076082170009613,0.9713881015777588,0.027242040261626244,deeplabv3+_256x256_pngs_preproc,2,1
0.3047119379043579,0.9536362886428833,0.31442996859550476,0.9732428789138794,0.3287459909915924,0.9938284158706665,0.31128597259521484,0.9761503338813782,0.022563664242625237,deeplabv3+_256x256_pngs_preproc,2,1
0.3074019253253937,0.9597746133804321,0.31640955805778503,0.9771305322647095,0.32916390895843506,0.9945906400680542,0.31348368525505066,0.9793870449066162,0.019297614693641663,deeplabv3+_256x256_pngs_preproc,2,1
0.2728257179260254,0.7960107922554016,0.29030272364616394,0.9009443521499634,0.32318371534347534,0.9817123413085938,0.2832076847553253,0.8835116028785706,0.09638065099716187,deeplabv3+_256x256_pngs_preproc,1,0
0.2962509095668793,0.9332792162895203,0.30892661213874817,0.9599559307098389,0.32752808928489685,0.9914563894271851,0.3040543794631958,0.9652321338653564,0.03333103284239769,deeplabv3+_256x256_pngs_preproc,1,0
0.2985083758831024,0.9406625032424927,0.3108353316783905,0.9652440547943115,0.32820960879325867,0.9926929473876953,0.3056579530239105,0.9692226052284241,0.029269764199852943,deeplabv3+_256x256_pngs_preproc,1,0
0.30028048157691956,0.9448032379150391,0.3130375146865845,0.9678467512130737,0.32870054244995117,0.9932711124420166,0.3071495592594147,0.971444845199585,0.02697465755045414,deeplabv3+_256x256_pngs_preproc,1,0
0.30587196350097656,0.9592747688293457,0.3160531520843506,0.9766501188278198,0.32916486263275146,0.994385838508606,0.3121463358402252,0.9791241884231567,0.019779006019234657,deeplabv3+_256x256_pngs_preproc,1,0
0.2762686610221863,0.8302302360534668,0.29233571887016296,0.9129334688186646,0.3235712945461273,0.9829224944114685,0.28652679920196533,0.9053674936294556,0.0861428752541542,deeplabv3+_256x256_pngs_preproc,1,2
0.29708632826805115,0.936883270740509,0.3088582754135132,0.9621410369873047,0.32751452922821045,0.9915503263473511,0.30475613474845886,0.9671871662139893,0.03181156888604164,deeplabv3+_256x256_pngs_preproc,1,2
0.30144354701042175,0.9468097686767578,0.3129793107509613,0.9687228202819824,0.3284591734409332,0.9928417205810547,0.3085956275463104,0.9725210666656494,0.026657257229089737,deeplabv3+_256x256_pngs_preproc,1,2
0.30481353402137756,0.9551740288734436,0.3155774772167206,0.974713921546936,0.32916757464408875,0.9940892457962036,0.3113565742969513,0.9769635200500488,0.02164296805858612,deeplabv3+_256x256_pngs_preproc,1,2
0.30775541067123413,0.9592695832252502,0.3170979917049408,0.9772524833679199,0.32939550280570984,0.9946606755256653,0.3138682544231415,0.9791215658187866,0.01940624788403511,deeplabv3+_256x256_pngs_preproc,1,2
0.2766505479812622,0.8264926671981812,0.29157617688179016,0.9125365018844604,0.32335054874420166,0.9830389022827148,0.28642964363098145,0.9030224084854126,0.08519280701875687,deeplabv3+_256x256_pngs_preproc,1,4
0.297497421503067,0.9344276189804077,0.308345764875412,0.9609450697898865,0.3274182379245758,0.9916105270385742,0.30490684509277344,0.9658553600311279,0.03300118446350098,deeplabv3+_256x256_pngs_preproc,1,4
0.30152595043182373,0.9466545581817627,0.3125781714916229,0.9690282344818115,0.32839563488960266,0.9931325912475586,0.30833494663238525,0.9724365472793579,0.026089366525411606,deeplabv3+_256x256_pngs_preproc,1,4
0.30435749888420105,0.9504415988922119,0.3142489194869995,0.9716792106628418,0.3288835287094116,0.9938620328903198,0.3107093870639801,0.9744536876678467,0.023816322907805443,deeplabv3+_256x256_pngs_preproc,1,4
0.3071762025356293,0.9597423672676086,0.3165581524372101,0.9773731231689453,0.32938581705093384,0.9947054386138916,0.3131013810634613,0.9793696403503418,0.019278820604085922,deeplabv3+_256x256_pngs_preproc,1,4
0.2761519253253937,0.8047955632209778,0.29200783371925354,0.9128659963607788,0.3231051564216614,0.9818041324615479,0.2861233651638031,0.8890424966812134,0.08972980082035065,deeplabv3+_256x256_pngs_preproc,1,3
0.29971086978912354,0.9399198293685913,0.30992624163627625,0.9647297859191895,0.32770535349845886,0.9922255873680115,0.30709895491600037,0.9688254594802856,0.030390731990337372,deeplabv3+_256x256_pngs_preproc,1,3
0.30365297198295593,0.952631950378418,0.31404340267181396,0.972669780254364,0.3286646604537964,0.9936708211898804,0.3103988468647003,0.9756180047988892,0.023588303476572037,deeplabv3+_256x256_pngs_preproc,1,3
0.3071673810482025,0.9584037065505981,0.31684809923171997,0.9766116142272949,0.3293595314025879,0.9945801496505737,0.3133758306503296,0.9786654710769653,0.020281150937080383,deeplabv3+_256x256_pngs_preproc,1,3
0.30654868483543396,0.9571213722229004,0.3169865310192108,0.9757908582687378,0.32944950461387634,0.9945771098136902,0.31274303793907166,0.9779895544052124,0.020425060763955116,deeplabv3+_256x256_pngs_preproc,1,3
0.2759805917739868,0.8064955472946167,0.2924635112285614,0.914731502532959,0.32312479615211487,0.982002854347229,0.2861485779285431,0.8902089595794678,0.08897994458675385,deeplabv3+_256x256_pngs_preproc,1,1
0.2987000048160553,0.9392354488372803,0.3098558187484741,0.9637285470962524,0.32772406935691833,0.9918769598007202,0.30624768137931824,0.9684579372406006,0.030197959393262863,deeplabv3+_256x256_pngs_preproc,1,1
0.302190899848938,0.9479373693466187,0.31281545758247375,0.9694226980209351,0.3283957540988922,0.9930866956710815,0.3091966211795807,0.9731227159500122,0.025460274890065193,deeplabv3+_256x256_pngs_preproc,1,1
0.30223438143730164,0.9501656293869019,0.31355389952659607,0.9713259935379028,0.328803688287735,0.993747889995575,0.30883151292800903,0.9743075370788574,0.02462955191731453,deeplabv3+_256x256_pngs_preproc,1,1
0.3058967590332031,0.9573519229888916,0.3156627118587494,0.9755735397338867,0.3290233314037323,0.9943097829818726,0.31213778257369995,0.9781123995780945,0.02100464701652527,deeplabv3+_256x256_pngs_preproc,1,1
0.2684023380279541,0.8126112222671509,0.29187890887260437,0.9062625169754028,0.3249124586582184,0.9850949048995972,0.2792617976665497,0.8940300941467285,0.08778443932533264,dpt_256x256_pngs_preproc,3,0
0.2969914376735687,0.9317647814750671,0.3096698522567749,0.9604023694992065,0.3281220495700836,0.9921115636825562,0.30459848046302795,0.9644051790237427,0.033484864979982376,dpt_256x256_pngs_preproc,3,0
0.30269894003868103,0.9492594599723816,0.3138863146305084,0.9709241986274719,0.32885682582855225,0.993574857711792,0.30937957763671875,0.9738253355026245,0.0247783362865448,dpt_256x256_pngs_preproc,3,0
0.30435284972190857,0.9517369866371155,0.31542524695396423,0.97259122133255,0.3292562663555145,0.9940776228904724,0.3107837438583374,0.9751411080360413,0.023235073313117027,dpt_256x256_pngs_preproc,3,0
0.3046311140060425,0.952107310295105,0.31517457962036133,0.9723923802375793,0.3292734920978546,0.9940208196640015,0.3109188377857208,0.9753376245498657,0.023239945992827415,dpt_256x256_pngs_preproc,3,0
0.26784515380859375,0.794426441192627,0.2926499545574188,0.9064802527427673,0.3244740962982178,0.9830402135848999,0.27909615635871887,0.8818323612213135,0.08955442160367966,dpt_256x256_pngs_preproc,3,2
0.29690465331077576,0.9319360256195068,0.3095405399799347,0.9597583413124084,0.32804715633392334,0.9916095733642578,0.3046470880508423,0.9645021557807922,0.033656757324934006,dpt_256x256_pngs_preproc,3,2
0.30341991782188416,0.9489665031433105,0.31419309973716736,0.970878541469574,0.3289070129394531,0.9935624599456787,0.3100421726703644,0.9736703038215637,0.02455504611134529,dpt_256x256_pngs_preproc,3,2
0.30472373962402344,0.9505478143692017,0.3153567612171173,0.9723087549209595,0.32923004031181335,0.9940847158432007,0.31106510758399963,0.9745103120803833,0.023787805810570717,dpt_256x256_pngs_preproc,3,2
0.30744466185569763,0.957865297794342,0.316707581281662,0.9762728810310364,0.3294050991535187,0.994573712348938,0.3134216368198395,0.9783824682235718,0.020237063989043236,dpt_256x256_pngs_preproc,3,2
0.2683826982975006,0.7892863750457764,0.2940940260887146,0.90753173828125,0.3250303864479065,0.9837198257446289,0.27940472960472107,0.8778127431869507,0.08777357637882233,dpt_256x256_pngs_preproc,3,4
0.29802748560905457,0.938040018081665,0.3113655149936676,0.9637254476547241,0.32840442657470703,0.9922007322311401,0.3053706884384155,0.9678109884262085,0.030926847830414772,dpt_256x256_pngs_preproc,3,4
0.301673024892807,0.9443912506103516,0.3135395348072052,0.967732310295105,0.3289027512073517,0.9931619763374329,0.30848535895347595,0.971225380897522,0.02697431482374668,dpt_256x256_pngs_preproc,3,4
0.30653080344200134,0.9549459218978882,0.31646767258644104,0.9744466543197632,0.32948312163352966,0.9943234920501709,0.3126121461391449,0.9768415093421936,0.02184484153985977,dpt_256x256_pngs_preproc,3,4
0.30791032314300537,0.9579482078552246,0.3174983263015747,0.9763418436050415,0.3296605944633484,0.9947149753570557,0.31369829177856445,0.9784252643585205,0.01989671029150486,dpt_256x256_pngs_preproc,3,4
0.27089646458625793,0.8206882476806641,0.2942032814025879,0.9095832109451294,0.32562950253486633,0.9857929348945618,0.2818111181259155,0.8991861343383789,0.08512244373559952,dpt_256x256_pngs_preproc,3,3
0.2972586452960968,0.9330594539642334,0.310244083404541,0.9612065553665161,0.32842835783958435,0.9923440217971802,0.304668664932251,0.9651093482971191,0.03319330886006355,dpt_256x256_pngs_preproc,3,3
0.3052130937576294,0.9548319578170776,0.3156329393386841,0.9742604494094849,0.3292710483074188,0.994135856628418,0.3115176260471344,0.9767818450927734,0.022022336721420288,dpt_256x256_pngs_preproc,3,3
0.3056412637233734,0.952850341796875,0.315811425447464,0.9728454947471619,0.32934460043907166,0.9940091967582703,0.3119807541370392,0.9757323265075684,0.023087289184331894,dpt_256x256_pngs_preproc,3,3
0.3089315891265869,0.95903480052948,0.31784650683403015,0.9769797325134277,0.32971498370170593,0.9948886036872864,0.3147146999835968,0.9789966344833374,0.019962124526500702,dpt_256x256_pngs_preproc,3,3
0.2649939954280853,0.7652387619018555,0.29188117384910583,0.8998045921325684,0.32397720217704773,0.9810731410980225,0.27599671483039856,0.861288845539093,0.09780334681272507,dpt_256x256_pngs_preproc,3,1
0.29585790634155273,0.9326621294021606,0.3099307119846344,0.9604398012161255,0.3281967341899872,0.9919275045394897,0.303509384393692,0.9648959636688232,0.03399613872170448,dpt_256x256_pngs_preproc,3,1
0.3029656410217285,0.946212887763977,0.31418243050575256,0.9691675305366516,0.3290174603462219,0.9935214519500732,0.3097224831581116,0.9721996784210205,0.026209644973278046,dpt_256x256_pngs_preproc,3,1
0.3052794933319092,0.9543485641479492,0.3153923451900482,0.9738610982894897,0.3292076885700226,0.994116485118866,0.31154194474220276,0.9765262603759766,0.022390929982066154,dpt_256x256_pngs_preproc,3,1
0.30858179926872253,0.961466908454895,0.3176638185977936,0.9782408475875854,0.329605370759964,0.9948607087135315,0.3143920302391052,0.9802749156951904,0.018469754606485367,dpt_256x256_pngs_preproc,3,1
0.2690620422363281,0.8122094869613647,0.2926432490348816,0.9070211052894592,0.32507917284965515,0.9853227138519287,0.27985748648643494,0.8935309648513794,0.08707690984010696,dpt_256x256_pngs_preproc,2,0
0.2980266809463501,0.9377009272575378,0.31087806820869446,0.9637724757194519,0.32824501395225525,0.992408812046051,0.305508017539978,0.9676262140274048,0.03106091544032097,dpt_256x256_pngs_preproc,2,0
0.30187442898750305,0.9445673227310181,0.313500314950943,0.9682389497756958,0.32883256673812866,0.993405282497406,0.3087432086467743,0.9713183045387268,0.02698097936809063,dpt_256x256_pngs_preproc,2,0
0.30480873584747314,0.9528660774230957,0.31532368063926697,0.9729100465774536,0.3291751444339752,0.9938853979110718,0.31116995215415955,0.9757410287857056,0.02307840809226036,dpt_256x256_pngs_preproc,2,0
0.30705997347831726,0.9550207853317261,0.3162449896335602,0.9743862152099609,0.32938694953918457,0.99436354637146,0.3130814731121063,0.9768804311752319,0.021448437124490738,dpt_256x256_pngs_preproc,2,0
0.267884224653244,0.8128130435943604,0.2920629382133484,0.9043911695480347,0.32500210404396057,0.9847028851509094,0.2790752649307251,0.894222617149353,0.08963093161582947,dpt_256x256_pngs_preproc,2,2
0.2978259027004242,0.9348082542419434,0.31027865409851074,0.9621948003768921,0.32819607853889465,0.992108941078186,0.30547037720680237,0.9660622477531433,0.031812600791454315,dpt_256x256_pngs_preproc,2,2
0.3009772002696991,0.9428246021270752,0.31269416213035583,0.967143177986145,0.3287283480167389,0.9929114580154419,0.30805709958076477,0.9703867435455322,0.02847537212073803,dpt_256x256_pngs_preproc,2,2
0.30518969893455505,0.9525882005691528,0.3158072531223297,0.9731513261795044,0.32931289076805115,0.9940439462661743,0.3116723299026489,0.975594162940979,0.02276909351348877,dpt_256x256_pngs_preproc,2,2
0.3072085678577423,0.957358717918396,0.3165275752544403,0.9761190414428711,0.32941457629203796,0.9945964813232422,0.3132072985172272,0.978115439414978,0.020498286932706833,dpt_256x256_pngs_preproc,2,2
0.26811763644218445,0.8091591596603394,0.2932688891887665,0.9040104150772095,0.32536831498146057,0.9853322505950928,0.2789725065231323,0.8918647766113281,0.0904620960354805,dpt_256x256_pngs_preproc,2,4
0.2971433103084564,0.9337214231491089,0.3109969198703766,0.9610931277275085,0.3284244239330292,0.9920475482940674,0.304696649312973,0.9654709100723267,0.03309854865074158,dpt_256x256_pngs_preproc,2,4
0.30425509810447693,0.9513360261917114,0.31568649411201477,0.9718804955482483,0.3291958272457123,0.9935115575790405,0.31081682443618774,0.9749306440353394,0.023845693096518517,dpt_256x256_pngs_preproc,2,4
0.30556678771972656,0.9514814019203186,0.31631919741630554,0.9726225137710571,0.3294745981693268,0.994200587272644,0.31171920895576477,0.9750053882598877,0.023010170087218285,dpt_256x256_pngs_preproc,2,4
0.30862975120544434,0.9615758657455444,0.3181857764720917,0.9784289598464966,0.32979342341423035,0.9949653744697571,0.31425154209136963,0.980331540107727,0.018394380807876587,dpt_256x256_pngs_preproc,2,4
0.268317848443985,0.8098339438438416,0.2943955957889557,0.9083597660064697,0.3253863751888275,0.9847955703735352,0.27938273549079895,0.8921215534210205,0.08632419258356094,dpt_256x256_pngs_preproc,2,3
0.29949823021888733,0.9419763088226318,0.3120025396347046,0.9662460088729858,0.3285263776779175,0.9927099347114563,0.3067459762096405,0.9699306488037109,0.028819341212511063,dpt_256x256_pngs_preproc,2,3
0.30304989218711853,0.9490002393722534,0.314765065908432,0.9705315232276917,0.32909882068634033,0.9934434294700623,0.30979833006858826,0.9736875295639038,0.024979138746857643,dpt_256x256_pngs_preproc,2,3
0.30450311303138733,0.9552522897720337,0.31647834181785583,0.9746413230895996,0.32942497730255127,0.994308590888977,0.31076741218566895,0.9770035147666931,0.021811412647366524,dpt_256x256_pngs_preproc,2,3
0.3074142038822174,0.956534743309021,0.31750890612602234,0.9758071899414062,0.3297004699707031,0.994868278503418,0.31320300698280334,0.9776790142059326,0.02067326381802559,dpt_256x256_pngs_preproc,2,3
0.27063465118408203,0.8289344906806946,0.2936072051525116,0.9081515073776245,0.3255777060985565,0.9863318204879761,0.281217098236084,0.9044628143310547,0.08622051775455475,dpt_256x256_pngs_preproc,2,1
0.29977771639823914,0.9389927387237549,0.3113161623477936,0.9645842909812927,0.3284188210964203,0.9926809072494507,0.30693018436431885,0.9683237075805664,0.030137477442622185,dpt_256x256_pngs_preproc,2,1
0.3022404909133911,0.945529580116272,0.3132765293121338,0.9689801931381226,0.3289399743080139,0.9936178922653198,0.3088148832321167,0.9718334674835205,0.026449672877788544,dpt_256x256_pngs_preproc,2,1
0.30795180797576904,0.9603743553161621,0.31721386313438416,0.9776546955108643,0.3296031653881073,0.9948176741600037,0.3137366473674774,0.9797013401985168,0.019075589254498482,dpt_256x256_pngs_preproc,2,1
0.3070296347141266,0.9574078321456909,0.31660327315330505,0.9760534763336182,0.3295718729496002,0.994775652885437,0.31281933188438416,0.9781399965286255,0.020753687247633934,dpt_256x256_pngs_preproc,2,1
0.26747986674308777,0.7835195064544678,0.29310110211372375,0.9084088802337646,0.32444629073143005,0.9832160472869873,0.27842414379119873,0.8735180497169495,0.08904850482940674,dpt_256x256_pngs_preproc,1,0
0.2993498742580414,0.9411230087280273,0.3116176426410675,0.9654313325881958,0.3283661901950836,0.9924416542053223,0.30670174956321716,0.9694725275039673,0.029772043228149414,dpt_256x256_pngs_preproc,1,0
0.3016493618488312,0.9454413056373596,0.3135134279727936,0.9686182737350464,0.32897138595581055,0.9934327602386475,0.3084276616573334,0.9717862606048584,0.02689129300415516,dpt_256x256_pngs_preproc,1,0
0.3059608042240143,0.9556792974472046,0.31648287177085876,0.9747138023376465,0.3293710947036743,0.9942461252212524,0.31220605969429016,0.9772290587425232,0.021307047456502914,dpt_256x256_pngs_preproc,1,0
0.30759963393211365,0.9603486061096191,0.3177395164966583,0.9773808121681213,0.3295849561691284,0.9946786165237427,0.3135650157928467,0.9796876907348633,0.018799616023898125,dpt_256x256_pngs_preproc,1,0
0.2685483694076538,0.8229227066040039,0.2924012541770935,0.9057507514953613,0.3251858651638031,0.985188364982605,0.2796936333179474,0.9007036685943604,0.08785449713468552,dpt_256x256_pngs_preproc,1,2
0.297637939453125,0.9358445405960083,0.30991116166114807,0.9622495174407959,0.32801905274391174,0.9919192790985107,0.3053167164325714,0.9666249752044678,0.03149526193737984,dpt_256x256_pngs_preproc,1,2
0.30152392387390137,0.9448662400245667,0.31318870186805725,0.9680008888244629,0.3286696672439575,0.9929667711257935,0.30854272842407227,0.9714810848236084,0.02666187286376953,dpt_256x256_pngs_preproc,1,2
0.30513742566108704,0.9536357522010803,0.3151911199092865,0.9738962650299072,0.32926705479621887,0.994215726852417,0.3114008903503418,0.9761489629745483,0.02230932004749775,dpt_256x256_pngs_preproc,1,2
0.30604663491249084,0.9555355310440063,0.3164460361003876,0.9746592044830322,0.3294258117675781,0.9941803216934204,0.31228747963905334,0.9771541357040405,0.02140985243022442,dpt_256x256_pngs_preproc,1,2
0.2621977627277374,0.7489322423934937,0.29271283745765686,0.9046109318733215,0.3235102891921997,0.979790210723877,0.2731979191303253,0.8477495908737183,0.09831546992063522,dpt_256x256_pngs_preproc,1,4
0.29834187030792236,0.9397242069244385,0.31175997853279114,0.9650046825408936,0.3284367024898529,0.9925812482833862,0.3055803179740906,0.9687190651893616,0.02979590743780136,dpt_256x256_pngs_preproc,1,4
0.30115190148353577,0.944292426109314,0.31381797790527344,0.9679795503616333,0.32890784740448,0.9931796789169312,0.3079400062561035,0.9711723327636719,0.027160726487636566,dpt_256x256_pngs_preproc,1,4
0.3053250312805176,0.9532009363174438,0.3160954415798187,0.973383367061615,0.32932958006858826,0.9941196441650391,0.31166020035743713,0.9759184718132019,0.0225483737885952,dpt_256x256_pngs_preproc,1,4
0.3072376251220703,0.9583437442779541,0.3170989453792572,0.976544976234436,0.3295980989933014,0.9946990013122559,0.3131023347377777,0.9786337614059448,0.019734259694814682,dpt_256x256_pngs_preproc,1,4
0.2635769546031952,0.7628957033157349,0.29199647903442383,0.9028649926185608,0.32387790083885193,0.9811739325523376,0.27468061447143555,0.8585864305496216,0.09644751995801926,dpt_256x256_pngs_preproc,1,3
0.2984151840209961,0.9366657733917236,0.31089404225349426,0.9632177352905273,0.3282945156097412,0.9922442436218262,0.3059075176715851,0.9670673608779907,0.03172723948955536,dpt_256x256_pngs_preproc,1,3
0.3037335276603699,0.9508567452430725,0.3145979344844818,0.971868634223938,0.32901519536972046,0.9935976266860962,0.31044939160346985,0.974675714969635,0.023859843611717224,dpt_256x256_pngs_preproc,1,3
0.30667734146118164,0.9563826322555542,0.31646132469177246,0.9753185510635376,0.3293536603450775,0.9943574666976929,0.3128885328769684,0.9776005744934082,0.021003330126404762,dpt_256x256_pngs_preproc,1,3
0.3077893555164337,0.9582546949386597,0.31721770763397217,0.9766780138015747,0.32957524061203003,0.9948241710662842,0.3136882781982422,0.9785863161087036,0.020219556987285614,dpt_256x256_pngs_preproc,1,3
0.26907604932785034,0.7948873043060303,0.2942894399166107,0.9112862348556519,0.32503440976142883,0.9841142892837524,0.27979135513305664,0.8813767433166504,0.08682190626859665,dpt_256x256_pngs_preproc,1,1
0.29772329330444336,0.937446117401123,0.3110911548137665,0.963407039642334,0.32848477363586426,0.9924187660217285,0.3051159679889679,0.9674891233444214,0.03121551312506199,dpt_256x256_pngs_preproc,1,1
0.3037770688533783,0.9523530006408691,0.3145618736743927,0.9727991819381714,0.32913410663604736,0.9939970970153809,0.31013980507850647,0.9754691123962402,0.023380205035209656,dpt_256x256_pngs_preproc,1,1
0.3062581717967987,0.9581329822540283,0.31662437319755554,0.976382315158844,0.32939770817756653,0.9946220517158508,0.31219378113746643,0.9785230159759521,0.020152878016233444,dpt_256x256_pngs_preproc,1,1
0.307529479265213,0.9579623341560364,0.31704652309417725,0.9765735864639282,0.3296438753604889,0.9949333667755127,0.3132428824901581,0.9784318208694458,0.020521674305200577,dpt_256x256_pngs_preproc,1,1
0.2666313946247101,0.8052068948745728,0.29235565662384033,0.8908822536468506,0.3267885744571686,0.9874037504196167,0.27648690342903137,0.8892556428909302,0.1023319885134697,unet++_256x256_pngs_preproc,3,0
0.29549598693847656,0.9250608682632446,0.31030550599098206,0.9578267335891724,0.3293541371822357,0.993838369846344,0.30191874504089355,0.9607182741165161,0.03608497232198715,unet++_256x256_pngs_preproc,3,0
0.30247583985328674,0.9470517635345459,0.3147848844528198,0.9701137542724609,0.3297542333602905,0.9948028922080994,0.30810603499412537,0.9726390242576599,0.025066150352358818,unet++_256x256_pngs_preproc,3,0
0.30285677313804626,0.9455288648605347,0.3145392835140228,0.9698288440704346,0.3298923969268799,0.9950135350227356,0.3082229197025299,0.9718234539031982,0.02613958530128002,unet++_256x256_pngs_preproc,3,0
0.30687835812568665,0.9573466181755066,0.3168567717075348,0.9764962196350098,0.3300757110118866,0.9956018924713135,0.31195777654647827,0.9781030416488647,0.019879652187228203,unet++_256x256_pngs_preproc,3,0
0.2658337652683258,0.7656412124633789,0.2944423258304596,0.9049489498138428,0.3255840837955475,0.9837740659713745,0.2754002511501312,0.8618048429489136,0.10389398783445358,unet++_256x256_pngs_preproc,3,2
0.2926366627216339,0.9178029298782349,0.30797767639160156,0.9535529613494873,0.32904839515686035,0.9933674335479736,0.29915258288383484,0.9567149877548218,0.039632003754377365,unet++_256x256_pngs_preproc,3,2
0.2975716292858124,0.9306703805923462,0.31099918484687805,0.9619035720825195,0.32953038811683655,0.9943718910217285,0.3035442531108856,0.963793933391571,0.03297971561551094,unet++_256x256_pngs_preproc,3,2
0.3032422959804535,0.9460824728012085,0.3141078054904938,0.970194935798645,0.3297956585884094,0.9949084520339966,0.30858102440834045,0.9721226692199707,0.02519533969461918,unet++_256x256_pngs_preproc,3,2
0.3036518096923828,0.947470486164093,0.31503063440322876,0.9713284373283386,0.3299628496170044,0.9951900243759155,0.3090852200984955,0.9728635549545288,0.024672912433743477,unet++_256x256_pngs_preproc,3,2
0.2644854485988617,0.7409470081329346,0.29364871978759766,0.8980321884155273,0.32551756501197815,0.982609212398529,0.2740474045276642,0.8430383205413818,0.10923385620117188,unet++_256x256_pngs_preproc,3,4
0.29389819502830505,0.9202725291252136,0.30926623940467834,0.9550778865814209,0.32929372787475586,0.993504524230957,0.30045822262763977,0.9580823183059692,0.03827672451734543,unet++_256x256_pngs_preproc,3,4
0.30115172266960144,0.9408644437789917,0.3136654198169708,0.9671784043312073,0.3297949433326721,0.9947162866592407,0.3067575991153717,0.9693206548690796,0.027705494314432144,unet++_256x256_pngs_preproc,3,4
0.30248698592185974,0.943313717842102,0.3143990933895111,0.9685934782028198,0.3299342095851898,0.9949452877044678,0.3080568015575409,0.9706370830535889,0.026568856090307236,unet++_256x256_pngs_preproc,3,4
0.30662810802459717,0.9561127424240112,0.3174126148223877,0.9758962392807007,0.3301348388195038,0.9955557584762573,0.31174296140670776,0.9774528741836548,0.020595379173755646,unet++_256x256_pngs_preproc,3,4
0.26959723234176636,0.7930342555046082,0.2957708239555359,0.9107136130332947,0.3267099857330322,0.9864169359207153,0.2787361145019531,0.8807597160339355,0.09633325040340424,unet++_256x256_pngs_preproc,3,3
0.2979336082935333,0.9325542449951172,0.3121980130672455,0.9619207382202148,0.3296612501144409,0.9940193891525269,0.30423876643180847,0.9648216962814331,0.03309408202767372,unet++_256x256_pngs_preproc,3,3
0.30452486872673035,0.9521207809448242,0.31586742401123047,0.9733712673187256,0.33009257912635803,0.995169997215271,0.30993038415908813,0.9753398895263672,0.022754328325390816,unet++_256x256_pngs_preproc,3,3
0.30782952904701233,0.9597864747047424,0.31763961911201477,0.977708101272583,0.33022138476371765,0.9956809282302856,0.3128606677055359,0.9793885946273804,0.0191698856651783,unet++_256x256_pngs_preproc,3,3
0.30645206570625305,0.956491231918335,0.3165145814418793,0.9759016036987305,0.33022168278694153,0.9956092238426208,0.3114546239376068,0.9776523113250732,0.0209009051322937,unet++_256x256_pngs_preproc,3,3
0.26544222235679626,0.7542896270751953,0.29480212926864624,0.9029306173324585,0.3253180980682373,0.9830358028411865,0.2747807204723358,0.8550167679786682,0.10918878018856049,unet++_256x256_pngs_preproc,3,1
0.2959130108356476,0.9308810234069824,0.31079909205436707,0.9605066776275635,0.32927608489990234,0.9936339855194092,0.3022547960281372,0.9639114141464233,0.03306742012500763,unet++_256x256_pngs_preproc,3,1
0.30031633377075195,0.9435843229293823,0.31359875202178955,0.9686379432678223,0.32973119616508484,0.9947878122329712,0.30604079365730286,0.9707823991775513,0.02676054835319519,unet++_256x256_pngs_preproc,3,1
0.30362120270729065,0.9492132663726807,0.3156448304653168,0.971685528755188,0.33000174164772034,0.9951192140579224,0.3091583549976349,0.9737917184829712,0.024307677522301674,unet++_256x256_pngs_preproc,3,1
0.3073817193508148,0.9591076374053955,0.3171043395996094,0.977615475654602,0.33022210001945496,0.9957424402236938,0.3123543858528137,0.9790308475494385,0.01935645379126072,unet++_256x256_pngs_preproc,3,1
0.2671258747577667,0.7929924726486206,0.29310473799705505,0.8974251747131348,0.326429158449173,0.9867604970932007,0.27688032388687134,0.8810962438583374,0.10069327801465988,unet++_256x256_pngs_preproc,2,0
0.29690274596214294,0.929366946220398,0.31155359745025635,0.9598233103752136,0.32945284247398376,0.993817925453186,0.30324414372444153,0.9630814790725708,0.03396506607532501,unet++_256x256_pngs_preproc,2,0
0.2993015646934509,0.9287283420562744,0.31251487135887146,0.9604194164276123,0.3296736776828766,0.9943605661392212,0.3052385747432709,0.9627276659011841,0.03366575762629509,unet++_256x256_pngs_preproc,2,0
0.3048452138900757,0.9478240013122559,0.3161154091358185,0.9707561731338501,0.3300272226333618,0.9950850605964661,0.3102785050868988,0.9730502367019653,0.02438407577574253,unet++_256x256_pngs_preproc,2,0
0.3043498694896698,0.9472984671592712,0.31556057929992676,0.9710042476654053,0.3301158547401428,0.9952843189239502,0.3096996247768402,0.9727687835693359,0.024532070383429527,unet++_256x256_pngs_preproc,2,0
0.2677353620529175,0.8005527257919312,0.29376232624053955,0.9024953842163086,0.3264741599559784,0.9864522218704224,0.27717527747154236,0.8863553404808044,0.10148154944181442,unet++_256x256_pngs_preproc,2,2
0.29638323187828064,0.9282736778259277,0.3115418553352356,0.9590848684310913,0.32935258746147156,0.9933698773384094,0.30277037620544434,0.9624900817871094,0.034938886761665344,unet++_256x256_pngs_preproc,2,2
0.2985037565231323,0.933363676071167,0.312317818403244,0.9629156589508057,0.3295714855194092,0.9942381381988525,0.3045318126678467,0.9652630090713501,0.03155075013637543,unet++_256x256_pngs_preproc,2,2
0.3027733862400055,0.9430609941482544,0.3146038353443146,0.9686974287033081,0.32983872294425964,0.9949076175689697,0.3083324730396271,0.970502495765686,0.0262317955493927,unet++_256x256_pngs_preproc,2,2
0.3055250942707062,0.9483330249786377,0.3162693381309509,0.9717241525650024,0.330064982175827,0.9952657222747803,0.3108658790588379,0.9733237028121948,0.023755311965942383,unet++_256x256_pngs_preproc,2,2
0.26791253685951233,0.8105173110961914,0.29395437240600586,0.9050793647766113,0.32689276337623596,0.9873812198638916,0.277141809463501,0.8927915096282959,0.10085450857877731,unet++_256x256_pngs_preproc,2,4
0.297609806060791,0.9366828203201294,0.31203150749206543,0.9640265703201294,0.3294816315174103,0.9939448833465576,0.3038474917411804,0.9670659303665161,0.030385611578822136,unet++_256x256_pngs_preproc,2,4
0.30195632576942444,0.9448245763778687,0.3143536150455475,0.968909502029419,0.3297581970691681,0.9945944547653198,0.307741641998291,0.9714499115943909,0.026592982932925224,unet++_256x256_pngs_preproc,2,4
0.30507150292396545,0.9517234563827515,0.31601202487945557,0.97322678565979,0.33008959889411926,0.9952095746994019,0.31044816970825195,0.9751285314559937,0.0225941501557827,unet++_256x256_pngs_preproc,2,4
0.3079545199871063,0.9570509195327759,0.31789958477020264,0.976417064666748,0.33026692271232605,0.9955994486808777,0.31302130222320557,0.9779480695724487,0.01997760497033596,unet++_256x256_pngs_preproc,2,4
0.2598473131656647,0.781340479850769,0.289904922246933,0.8810646533966064,0.3268955945968628,0.9867041110992432,0.26971665024757385,0.8735393285751343,0.11621338874101639,unet++_256x256_pngs_preproc,2,3
0.2963292896747589,0.9293839931488037,0.311290442943573,0.9602446556091309,0.3296058475971222,0.993942141532898,0.30253568291664124,0.9630921483039856,0.033437687903642654,unet++_256x256_pngs_preproc,2,3
0.30233481526374817,0.9443926811218262,0.3148289620876312,0.9691070318222046,0.32998284697532654,0.994811475276947,0.3079744577407837,0.9712164402008057,0.026478856801986694,unet++_256x256_pngs_preproc,2,3
0.30579403042793274,0.9537366032600403,0.3164757192134857,0.9742627739906311,0.3300706744194031,0.9952552318572998,0.31100499629974365,0.9761965870857239,0.02161460742354393,unet++_256x256_pngs_preproc,2,3
0.3067408800125122,0.9535744190216064,0.3168680965900421,0.9745044112205505,0.33026954531669617,0.995589017868042,0.3117919862270355,0.9761089086532593,0.02170577272772789,unet++_256x256_pngs_preproc,2,3
0.26511824131011963,0.7626457810401917,0.29394710063934326,0.8992616534233093,0.32587531208992004,0.983863353729248,0.2751716077327728,0.8602238297462463,0.1059952899813652,unet++_256x256_pngs_preproc,2,1
0.29994699358940125,0.9419732093811035,0.3129926919937134,0.9673177003860474,0.32958343625068665,0.994337797164917,0.30604732036590576,0.9699187874794006,0.027549277991056442,unet++_256x256_pngs_preproc,2,1
0.3022496700286865,0.9456764459609985,0.3146218955516815,0.9698083400726318,0.32996976375579834,0.9948153495788574,0.30786189436912537,0.9719041585922241,0.025947069749236107,unet++_256x256_pngs_preproc,2,1
0.30500438809394836,0.9508607387542725,0.3157216012477875,0.9728705883026123,0.33011987805366516,0.9953324794769287,0.3102657198905945,0.9746682643890381,0.023285390809178352,unet++_256x256_pngs_preproc,2,1
0.30792364478111267,0.9605880975723267,0.31748655438423157,0.9782838821411133,0.3302669823169708,0.9957358241081238,0.31285274028778076,0.9798095226287842,0.018466779962182045,unet++_256x256_pngs_preproc,2,1
0.26698675751686096,0.7690155506134033,0.2945987284183502,0.9050140380859375,0.3255343437194824,0.9843107461929321,0.2764524221420288,0.8652439117431641,0.103460393846035,unet++_256x256_pngs_preproc,1,0
0.2980228662490845,0.9346060752868652,0.3112173080444336,0.9629175662994385,0.32922497391700745,0.9940211772918701,0.3041496276855469,0.9659370183944702,0.03196122497320175,unet++_256x256_pngs_preproc,1,0
0.3022873103618622,0.9451271295547485,0.31442728638648987,0.969605565071106,0.3297547399997711,0.9948763847351074,0.3078315854072571,0.9716090559959412,0.026263922452926636,unet++_256x256_pngs_preproc,1,0
0.30457592010498047,0.9524209499359131,0.3155633211135864,0.9736096858978271,0.32989251613616943,0.9952257871627808,0.3098352253437042,0.9754981398582458,0.022757764905691147,unet++_256x256_pngs_preproc,1,0
0.3058558702468872,0.9519859552383423,0.3165900409221649,0.9734753370285034,0.3301267623901367,0.9954237937927246,0.31107282638549805,0.9752657413482666,0.022437358275055885,unet++_256x256_pngs_preproc,1,0
0.26384565234184265,0.806134819984436,0.29161620140075684,0.8935521841049194,0.3265884816646576,0.9867947697639465,0.27352461218833923,0.8899469971656799,0.10491081327199936,unet++_256x256_pngs_preproc,1,2
0.2971959412097931,0.9362211227416992,0.31134870648384094,0.9638626575469971,0.3293718993663788,0.9938812255859375,0.30328047275543213,0.966816782951355,0.03023613430559635,unet++_256x256_pngs_preproc,1,2
0.29880911111831665,0.929245114326477,0.3121753931045532,0.9609623551368713,0.32964321970939636,0.9942784309387207,0.3046658933162689,0.9630153179168701,0.03278908133506775,unet++_256x256_pngs_preproc,1,2
0.3022103011608124,0.9432089328765869,0.31391891837120056,0.9688396453857422,0.3299045264720917,0.9949778318405151,0.30767160654067993,0.9705810546875,0.027254361659288406,unet++_256x256_pngs_preproc,1,2
0.3066892921924591,0.9552340507507324,0.3169979751110077,0.9755154252052307,0.3301279544830322,0.9954714775085449,0.3117983639240265,0.9769893884658813,0.02106880210340023,unet++_256x256_pngs_preproc,1,2
0.2698558270931244,0.8233723640441895,0.29590216279029846,0.9081540703773499,0.32733166217803955,0.9880540370941162,0.27917128801345825,0.900802493095398,0.08987409621477127,unet++_256x256_pngs_preproc,1,4
0.29277923703193665,0.9141361713409424,0.30839812755584717,0.9514655470848083,0.32924994826316833,0.9932458400726318,0.29951831698417664,0.9546728134155273,0.04156236723065376,unet++_256x256_pngs_preproc,1,4
0.30080530047416687,0.9410079717636108,0.3133259117603302,0.9670194387435913,0.3297536075115204,0.9946025013923645,0.3066478669643402,0.9693981409072876,0.027956709265708923,unet++_256x256_pngs_preproc,1,4
0.3036729693412781,0.9450972080230713,0.31532683968544006,0.9693729877471924,0.3299691379070282,0.9949349164962769,0.3091754913330078,0.9715936779975891,0.026153331622481346,unet++_256x256_pngs_preproc,1,4
0.3068819046020508,0.9572725296020508,0.3172845244407654,0.976447582244873,0.33021286129951477,0.9955403804779053,0.3119787871837616,0.9780652523040771,0.020303303375840187,unet++_256x256_pngs_preproc,1,4
0.2669483423233032,0.7624025344848633,0.2947603464126587,0.9062782526016235,0.3257896900177002,0.9839690923690796,0.2764180600643158,0.8606235980987549,0.10192066431045532,unet++_256x256_pngs_preproc,1,3
0.2969108521938324,0.9297826290130615,0.31125590205192566,0.9606154561042786,0.3295241594314575,0.9939738512039185,0.3031506836414337,0.9633101224899292,0.033285774290561676,unet++_256x256_pngs_preproc,1,3
0.3033742904663086,0.9500257968902588,0.3150671720504761,0.9724011421203613,0.32997116446495056,0.9951324462890625,0.3088472783565521,0.9742259383201599,0.023528769612312317,unet++_256x256_pngs_preproc,1,3
0.3030426502227783,0.946858286857605,0.31482383608818054,0.9708068370819092,0.33005163073539734,0.9951014518737793,0.3084601163864136,0.9725358486175537,0.024788273498415947,unet++_256x256_pngs_preproc,1,3
0.3079146146774292,0.9579631090164185,0.31729787588119507,0.9770697355270386,0.3303324282169342,0.9958043098449707,0.3127659261226654,0.9784282445907593,0.01951613649725914,unet++_256x256_pngs_preproc,1,3
0.2720224857330322,0.8304896354675293,0.2968449294567108,0.9120150804519653,0.32715165615081787,0.9881759881973267,0.28114834427833557,0.905237078666687,0.08810313791036606,unet++_256x256_pngs_preproc,1,1
0.2982032597064972,0.9365869760513306,0.3114691972732544,0.9641158580780029,0.3293730318546295,0.9940220713615417,0.3044152557849884,0.9670126438140869,0.030580919235944748,unet++_256x256_pngs_preproc,1,1
0.3010079562664032,0.9426767826080322,0.3136817514896393,0.9682881832122803,0.32982519268989563,0.9948561191558838,0.30670905113220215,0.9702944755554199,0.02744700200855732,unet++_256x256_pngs_preproc,1,1
0.30509522557258606,0.9528502225875854,0.31535953283309937,0.9741880893707275,0.33000412583351135,0.9954248666763306,0.3101714849472046,0.975725531578064,0.022063596174120903,unet++_256x256_pngs_preproc,1,1
0.3052806258201599,0.9508945941925049,0.3158068358898163,0.9729803800582886,0.3299899399280548,0.9953352212905884,0.31045621633529663,0.9746869206428528,0.02356383204460144,unet++_256x256_pngs_preproc,1,1
0.27476760745048523,0.8132421374320984,0.29325851798057556,0.9113077521324158,0.32454001903533936,0.9853760004043579,0.28461262583732605,0.8944934606552124,0.08796785771846771,segformer_256x256_pngs_preproc,3,0
0.2996877133846283,0.9385083317756653,0.31077003479003906,0.9649404287338257,0.3282906711101532,0.9930568933486938,0.3067823648452759,0.9680591821670532,0.03058476187288761,segformer_256x256_pngs_preproc,3,0
0.3017677366733551,0.9445806741714478,0.31287500262260437,0.9686974883079529,0.32867634296417236,0.9937715530395508,0.3084525167942047,0.9713236093521118,0.027469659224152565,segformer_256x256_pngs_preproc,3,0
0.3053348660469055,0.9553409814834595,0.3154710829257965,0.9751309752464294,0.3292231559753418,0.9946621656417847,0.3115336000919342,0.9770487546920776,0.021795887500047684,segformer_256x256_pngs_preproc,3,0
0.3063110113143921,0.9575258493423462,0.3161245286464691,0.9764727354049683,0.329363614320755,0.9949586391448975,0.31216713786125183,0.9782012701034546,0.020628275349736214,segformer_256x256_pngs_preproc,3,0
0.27690476179122925,0.8316900730133057,0.2944471836090088,0.9161083698272705,0.32514894008636475,0.9862254858016968,0.2868417799472809,0.9061768054962158,0.08215726166963577,segformer_256x256_pngs_preproc,3,2
0.29839468002319336,0.93465256690979,0.30952557921409607,0.9628944396972656,0.32819780707359314,0.9928667545318604,0.30555328726768494,0.9659739136695862,0.03264980763196945,segformer_256x256_pngs_preproc,3,2
0.3004086911678314,0.940511167049408,0.3118385374546051,0.9667072892189026,0.3286859095096588,0.9936463832855225,0.30713072419166565,0.9691388607025146,0.02939586713910103,segformer_256x256_pngs_preproc,3,2
0.30566057562828064,0.9549427628517151,0.31515005230903625,0.9750025272369385,0.32911941409111023,0.9944968223571777,0.311860054731369,0.9768400192260742,0.02167378179728985,segformer_256x256_pngs_preproc,3,2
0.30458080768585205,0.9509328603744507,0.3148123025894165,0.9730011224746704,0.32922258973121643,0.994603157043457,0.3107287585735321,0.9747128486633301,0.023877549916505814,segformer_256x256_pngs_preproc,3,2
0.2735896110534668,0.8223767280578613,0.29408082365989685,0.9121109247207642,0.32509323954582214,0.9855923652648926,0.283589631319046,0.9003964066505432,0.08580248802900314,segformer_256x256_pngs_preproc,3,4
0.29777103662490845,0.9366605281829834,0.31036069989204407,0.9636322259902954,0.3282359838485718,0.9926594495773315,0.3050033152103424,0.9670627117156982,0.03167383372783661,segformer_256x256_pngs_preproc,3,4
0.30186498165130615,0.9445898532867432,0.3132706582546234,0.9688405990600586,0.3288004398345947,0.9937304258346558,0.30849817395210266,0.971329927444458,0.027289295569062233,segformer_256x256_pngs_preproc,3,4
0.30299249291419983,0.9499949216842651,0.3141583800315857,0.9720218777656555,0.3291468620300293,0.9943157434463501,0.30924883484840393,0.9742145538330078,0.02426222153007984,segformer_256x256_pngs_preproc,3,4
0.3053906261920929,0.95543372631073,0.3161071538925171,0.9753137826919556,0.3293955624103546,0.9947512149810791,0.3114405870437622,0.9770982265472412,0.0215163454413414,segformer_256x256_pngs_preproc,3,4
0.2753613293170929,0.8260749578475952,0.29383447766304016,0.9133516550064087,0.32509645819664,0.9859544038772583,0.28526806831359863,0.9026074409484863,0.08353494852781296,segformer_256x256_pngs_preproc,3,3
0.29801109433174133,0.934205174446106,0.3105641305446625,0.9620553851127625,0.32842421531677246,0.9926555156707764,0.3053041696548462,0.9657304286956787,0.0331868976354599,segformer_256x256_pngs_preproc,3,3
0.30254924297332764,0.9484729766845703,0.3140096962451935,0.9710216522216797,0.3290456235408783,0.9940469264984131,0.3091943562030792,0.9734044671058655,0.025236669927835464,segformer_256x256_pngs_preproc,3,3
0.304014652967453,0.95265793800354,0.31544676423072815,0.9736853241920471,0.3293260633945465,0.9945551753044128,0.31030747294425964,0.9756287336349487,0.023370059207081795,segformer_256x256_pngs_preproc,3,3
0.3059987723827362,0.9588708877563477,0.3162815570831299,0.977197527885437,0.3295224606990814,0.994976282119751,0.3119669258594513,0.9789102673530579,0.019766442477703094,segformer_256x256_pngs_preproc,3,3
0.276070237159729,0.8241806030273438,0.29482290148735046,0.9184526205062866,0.32476434111595154,0.985504150390625,0.2858524024486542,0.9013330936431885,0.07921456545591354,segformer_256x256_pngs_preproc,3,1
0.2969972789287567,0.9336386322975159,0.309572696685791,0.9619988203048706,0.3281494081020355,0.9926961660385132,0.3043100833892822,0.9654229879379272,0.0336543433368206,segformer_256x256_pngs_preproc,3,1
0.3030722439289093,0.9503136873245239,0.3138212263584137,0.9720271825790405,0.3289128839969635,0.9941042065620422,0.3095821440219879,0.9743850231170654,0.0241430401802063,segformer_256x256_pngs_preproc,3,1
0.3058403432369232,0.9575198888778687,0.3157912790775299,0.9763386249542236,0.32921990752220154,0.994698166847229,0.311935156583786,0.9781997203826904,0.021004924550652504,segformer_256x256_pngs_preproc,3,1
0.30478909611701965,0.9544562101364136,0.3152974843978882,0.974583625793457,0.32929131388664246,0.9947004318237305,0.3108966052532196,0.9765810966491699,0.022461477667093277,segformer_256x256_pngs_preproc,3,1
0.27350157499313354,0.80436110496521,0.29328444600105286,0.9109809398651123,0.3244990110397339,0.9848942160606384,0.2835885286331177,0.8885682821273804,0.08764468133449554,segformer_256x256_pngs_preproc,2,0
0.2996136248111725,0.9404870867729187,0.31070637702941895,0.9658255577087402,0.32820484042167664,0.9930506944656372,0.30670204758644104,0.9691270589828491,0.029958393424749374,segformer_256x256_pngs_preproc,2,0
0.3003511428833008,0.9437655210494995,0.31201156973838806,0.9682143330574036,0.3286181688308716,0.9937416315078735,0.3071099519729614,0.9708866477012634,0.027720822021365166,segformer_256x256_pngs_preproc,2,0
0.30403077602386475,0.9525258541107178,0.3147298991680145,0.9735991954803467,0.3290735185146332,0.9944500923156738,0.3103613555431366,0.9755586385726929,0.023250151425600052,segformer_256x256_pngs_preproc,2,0
0.3039582073688507,0.9510788917541504,0.3149549961090088,0.9730867743492126,0.32921648025512695,0.9946854114532471,0.31019356846809387,0.9747889041900635,0.02385270968079567,segformer_256x256_pngs_preproc,2,0
0.273017019033432,0.8044036626815796,0.29323330521583557,0.9119678735733032,0.3244239389896393,0.9840419292449951,0.2830813527107239,0.888587236404419,0.08930855244398117,segformer_256x256_pngs_preproc,2,2
0.2978740334510803,0.9347684383392334,0.309783011674881,0.9626713991165161,0.32814690470695496,0.9926945567131042,0.30507171154022217,0.9660376310348511,0.03298501670360565,segformer_256x256_pngs_preproc,2,2
0.2999742925167084,0.9415045976638794,0.31200671195983887,0.967085599899292,0.32871314883232117,0.9936606884002686,0.30670166015625,0.9696735143661499,0.028677742928266525,segformer_256x256_pngs_preproc,2,2
0.30404534935951233,0.953177809715271,0.31462356448173523,0.9740012884140015,0.3290904760360718,0.9944318532943726,0.3102516233921051,0.9759055972099304,0.022783780470490456,segformer_256x256_pngs_preproc,2,2
0.30695879459381104,0.9600381851196289,0.3164805471897125,0.978011965751648,0.3294082581996918,0.9949928522109985,0.31281009316444397,0.9795246720314026,0.019584394991397858,segformer_256x256_pngs_preproc,2,2
0.2740221619606018,0.8019081950187683,0.2942303717136383,0.9125626087188721,0.3248029053211212,0.9846851825714111,0.2836563289165497,0.8864784836769104,0.0861305221915245,segformer_256x256_pngs_preproc,2,4
0.29746583104133606,0.9347925186157227,0.31035712361335754,0.962649941444397,0.328319787979126,0.992686927318573,0.3046576678752899,0.9660497903823853,0.03276372328400612,segformer_256x256_pngs_preproc,2,4
0.30308476090431213,0.9488619565963745,0.31371116638183594,0.9714112281799316,0.3289196789264679,0.9940959215164185,0.30946019291877747,0.9736120700836182,0.02518993802368641,segformer_256x256_pngs_preproc,2,4
0.303005188703537,0.9505479335784912,0.3143756687641144,0.9725116491317749,0.32917115092277527,0.9943451881408691,0.3092733919620514,0.9745087623596191,0.023938514292240143,segformer_256x256_pngs_preproc,2,4
0.30617472529411316,0.9584819078445435,0.31666210293769836,0.9770067930221558,0.32944944500923157,0.9949064254760742,0.3121306598186493,0.978705883026123,0.020221514627337456,segformer_256x256_pngs_preproc,2,4
0.2743290662765503,0.8087347745895386,0.29402390122413635,0.9133406281471252,0.3248923718929291,0.9849104881286621,0.2842881381511688,0.8915736079216003,0.08618011325597763,segformer_256x256_pngs_preproc,2,3
0.299104779958725,0.9377354383468628,0.3107999265193939,0.9644474983215332,0.32836344838142395,0.9929839968681335,0.3062540888786316,0.9676423072814941,0.03112098202109337,segformer_256x256_pngs_preproc,2,3
0.30234286189079285,0.9458229541778564,0.31316760182380676,0.9695779085159302,0.328876256942749,0.9940125942230225,0.3088299036026001,0.9719886779785156,0.026754362508654594,segformer_256x256_pngs_preproc,2,3
0.3059269189834595,0.9567861557006836,0.315921813249588,0.9759899377822876,0.3293624222278595,0.9947919845581055,0.31194841861724854,0.9778121709823608,0.021042482927441597,segformer_256x256_pngs_preproc,2,3
0.30530333518981934,0.9568141102790833,0.31601789593696594,0.976165771484375,0.3294740915298462,0.9949338436126709,0.31123867630958557,0.9778263568878174,0.021189427003264427,segformer_256x256_pngs_preproc,2,3
0.27487972378730774,0.8232390880584717,0.2930012345314026,0.913162350654602,0.32486674189567566,0.9859209060668945,0.28450965881347656,0.900855541229248,0.08364664018154144,segformer_256x256_pngs_preproc,2,1
0.2976832687854767,0.9340518712997437,0.3093850910663605,0.9622809886932373,0.328163743019104,0.9928230047225952,0.304900199174881,0.9656466841697693,0.033583782613277435,segformer_256x256_pngs_preproc,2,1
0.30067959427833557,0.9432935118675232,0.3119116723537445,0.9681894779205322,0.32865920662879944,0.9937793016433716,0.30743882060050964,0.9706341028213501,0.028536593541502953,segformer_256x256_pngs_preproc,2,1
0.3058781623840332,0.9575567245483398,0.31544145941734314,0.9764564037322998,0.3291710913181305,0.9947062730789185,0.3119490444660187,0.9782192707061768,0.020924292504787445,segformer_256x256_pngs_preproc,2,1
0.3050396144390106,0.9578338861465454,0.3157936632633209,0.9762846827507019,0.32921841740608215,0.9947025775909424,0.311191588640213,0.9783651828765869,0.020936302840709686,segformer_256x256_pngs_preproc,2,1
0.2761324346065521,0.8298181295394897,0.29461076855659485,0.9172265529632568,0.32501840591430664,0.986255943775177,0.285976767539978,0.905052900314331,0.08149271458387375,segformer_256x256_pngs_preproc,1,0
0.29851603507995605,0.9339791536331177,0.31001004576683044,0.962425947189331,0.3282358944416046,0.9928979873657227,0.30576223134994507,0.9656054973602295,0.032853949815034866,segformer_256x256_pngs_preproc,1,0
0.30267205834388733,0.9498063325881958,0.314035564661026,0.9717470407485962,0.32892486453056335,0.9941204190254211,0.3091914653778076,0.9741142988204956,0.024591149762272835,segformer_256x256_pngs_preproc,1,0
0.3040770888328552,0.9532598257064819,0.3151969611644745,0.9741659164428711,0.32931146025657654,0.9946396350860596,0.3102990686893463,0.9759470224380493,0.02295730635523796,segformer_256x256_pngs_preproc,1,0
0.3047231435775757,0.953957200050354,0.31602931022644043,0.9744535684585571,0.32934799790382385,0.9947338104248047,0.3107616901397705,0.9763162136077881,0.02245364524424076,segformer_256x256_pngs_preproc,1,0
0.27345672249794006,0.8125000596046448,0.29202747344970703,0.9067188501358032,0.324625164270401,0.9849786758422852,0.28350594639778137,0.8940961360931396,0.08817733079195023,segformer_256x256_pngs_preproc,1,2
0.29863491654396057,0.9332645535469055,0.3097512423992157,0.9619357585906982,0.3280751705169678,0.9926956295967102,0.30588677525520325,0.9652204513549805,0.03327012062072754,segformer_256x256_pngs_preproc,1,2
0.3011251389980316,0.9414685368537903,0.3116154670715332,0.967195987701416,0.3286389410495758,0.9937169551849365,0.3077385723590851,0.9696539640426636,0.028696579858660698,segformer_256x256_pngs_preproc,1,2
0.303107351064682,0.9474626779556274,0.3136737644672394,0.9708775281906128,0.3290267288684845,0.9942407011985779,0.3094292879104614,0.972865104675293,0.025400131940841675,segformer_256x256_pngs_preproc,1,2
0.30416133999824524,0.9513248205184937,0.31476590037345886,0.9730541706085205,0.32920172810554504,0.9944820404052734,0.3103346526622772,0.974921703338623,0.02366677299141884,segformer_256x256_pngs_preproc,1,2
0.27524468302726746,0.8231260776519775,0.29448506236076355,0.9149980545043945,0.32509955763816833,0.985896110534668,0.2850660979747772,0.9007964134216309,0.08416132628917694,segformer_256x256_pngs_preproc,1,4
0.29871273040771484,0.9360637664794922,0.31057414412498474,0.9637717008590698,0.32837843894958496,0.9929989576339722,0.30583956837654114,0.9667379856109619,0.032537709921598434,segformer_256x256_pngs_preproc,1,4
0.3008771240711212,0.9412485361099243,0.3127012550830841,0.9668991565704346,0.32882171869277954,0.993687629699707,0.3075454533100128,0.9695347547531128,0.02861430123448372,segformer_256x256_pngs_preproc,1,4
0.30506017804145813,0.9564172029495239,0.3152717649936676,0.9756510257720947,0.3291841149330139,0.9946238994598389,0.31113287806510925,0.9776181578636169,0.02147708460688591,segformer_256x256_pngs_preproc,1,4
0.3056276738643646,0.9568842649459839,0.31556543707847595,0.9759728908538818,0.3293062150478363,0.9947655200958252,0.3115130662918091,0.977864146232605,0.02132168598473072,segformer_256x256_pngs_preproc,1,4
0.2729196846485138,0.81142258644104,0.29199695587158203,0.9071764945983887,0.3246866762638092,0.9848833084106445,0.2829494774341583,0.8933888673782349,0.08815393596887589,segformer_256x256_pngs_preproc,1,3
0.2987678050994873,0.9369819164276123,0.31025370955467224,0.9636616706848145,0.3282070457935333,0.9926836490631104,0.30600473284721375,0.9672359824180603,0.031743478029966354,segformer_256x256_pngs_preproc,1,3
0.3022961914539337,0.9484804272651672,0.3134883642196655,0.9709078073501587,0.32893499732017517,0.9938514232635498,0.30891457200050354,0.9734092950820923,0.025709347799420357,segformer_256x256_pngs_preproc,1,3
0.30450358986854553,0.9540253281593323,0.3152346611022949,0.974365234375,0.3292515277862549,0.994553804397583,0.31066393852233887,0.9763534069061279,0.022597400471568108,segformer_256x256_pngs_preproc,1,3
0.3056814670562744,0.956803560256958,0.31562793254852295,0.9759789705276489,0.32937324047088623,0.994829535484314,0.311629980802536,0.9778211116790771,0.020749559625983238,segformer_256x256_pngs_preproc,1,3
0.2723306119441986,0.8136033415794373,0.2918454110622406,0.9103964567184448,0.3243871331214905,0.9848792552947998,0.28241977095603943,0.8946523666381836,0.08709512650966644,segformer_256x256_pngs_preproc,1,1
0.29769590497016907,0.9381272792816162,0.30991798639297485,0.9643203616142273,0.3282080590724945,0.9927261471748352,0.304943710565567,0.9678560495376587,0.031497810035943985,segformer_256x256_pngs_preproc,1,1
0.2998766601085663,0.9435102939605713,0.3122943937778473,0.9681784510612488,0.3287166655063629,0.9936250448226929,0.30668553709983826,0.9707512855529785,0.028254928067326546,segformer_256x256_pngs_preproc,1,1
0.30454742908477783,0.9542781114578247,0.31484678387641907,0.9745111465454102,0.32916539907455444,0.9945259094238281,0.31080636382102966,0.9764877557754517,0.02245865948498249,segformer_256x256_pngs_preproc,1,1
0.30405375361442566,0.9535504579544067,0.31430354714393616,0.9741034507751465,0.3291384279727936,0.9945592284202576,0.3100919723510742,0.9761021137237549,0.02290530875325203,segformer_256x256_pngs_preproc,1,1
